date,actual_ret,pred_persistence_zero,pred_momentum,pred_always_up,pred_arima,pred_prophet,pred_xgboost,pred_lstm_returns
2023-01-05,-0.02963765926942763,0.0,-0.043743302736705125,1e-06,0.0014047597018636596,-0.009819507029318096,-0.009460494853556156,0.002271495060995221
2023-01-06,0.01178524467600961,0.0,-0.02963765926942763,1e-06,0.0010791076406050544,-0.009286941032591848,0.008628260344266891,0.0032300965394824743
2023-01-09,0.009736433533066302,0.0,0.01178524467600961,1e-06,3.6523568939841476e-05,-0.011214037101127745,0.006413585506379604,0.0015935379778966308
2023-01-10,0.007617055798364358,0.0,0.009736433533066302,1e-06,6.165201450391371e-05,-0.011153317881110243,0.0010018073953688145,0.0008150640060193837
2023-01-11,0.030238242296948048,0.0,0.007617055798364358,1e-06,0.00011520663289057986,-0.007661876130105421,-0.0027050639037042856,0.00024805337307043374
2023-01-12,0.011621425751125791,0.0,0.030238242296948048,1e-06,-0.00044837342314115044,-0.009941940107223646,0.005517745390534401,-0.0008927661110647023
2023-01-13,0.0030187560948375936,0.0,0.011621425751125791,1e-06,2.4689198429285963e-06,-0.008687861340547082,-0.005871118046343327,-0.0012576364679262042
2023-01-17,0.004681913958974437,0.0,0.0030187560948375936,1e-06,0.00022856170737687995,-0.007731321769183139,-0.01945863850414753,-0.0012176495511084795
2023-01-18,-0.018889214991415604,0.0,0.004681913958974437,1e-06,0.00019267397131788366,-0.0036360737306162,-0.021021464839577675,-0.0011572395451366901
2023-01-19,-0.016453987970131756,0.0,-0.018889214991415604,1e-06,0.0007804180745851859,-0.005385812569265637,0.0010654724901542068,-0.00020046158169861883
2023-01-20,0.035743496999531166,0.0,-0.016453987970131756,1e-06,0.0007342809995043449,-0.003689134071661358,-0.006605691276490688,0.0006034256657585502
2023-01-23,0.009824411629552943,0.0,0.035743496999531166,1e-06,-0.0005703956983247133,-0.0027659056141436126,0.005021736491471529,-0.0005956934182904661
2023-01-24,-0.002225950973313351,0.0,0.009824411629552943,1e-06,4.4298386206615315e-05,-0.0020521821150896145,0.005593458656221628,-0.0009374432847835124
2023-01-25,-0.005908350734005197,0.0,-0.002225950973313351,1e-06,0.0003605820528057657,0.0019096420765611216,-0.006477642338722944,-0.0007711795042268932
2023-01-26,0.03071367322829066,0.0,-0.005908350734005197,1e-06,0.00046044092333188914,-9.737147770264281e-05,-0.003672457067295909,-0.00041448662523180246
2023-01-27,0.0006452558005471953,0.0,0.03071367322829066,1e-06,-0.0004516248156914998,0.0012221993771698463,0.004087955225259066,-0.0010259776609018445
2023-01-30,-0.0219616078484145,0.0,0.0006452558005471953,1e-06,0.00027649492702854314,0.0003786420580304782,-0.001909070648252964,-0.0010929950512945652
2023-01-31,0.02101274360937988,0.0,-0.0219616078484145,1e-06,0.0008592380042462967,0.0003325754452486139,-0.0033659168984740973,-0.00010047560499515384
2023-02-01,0.01993460803131919,0.0,0.02101274360937988,1e-06,-0.00019940497403468226,0.0034752231854685164,0.007980108261108398,-0.0006598824984394014
2023-02-02,0.04688410003007637,0.0,0.01993460803131919,1e-06,-0.00019891818656250207,0.000607847996360808,-0.00730536924675107,-0.0010955710895359516
2023-02-03,-0.023620206326881665,0.0,0.04688410003007637,1e-06,-0.0008719140040945451,0.0010451895520680655,-0.0037219002842903137,-0.0013144365511834621
2023-02-06,-0.00611605897065115,0.0,-0.023620206326881665,1e-06,0.000871978935825001,-0.0023764211303295094,-0.007100827060639858,-0.0013425268698483706
2023-02-07,0.04202219843250243,0.0,-0.00611605897065115,1e-06,0.0004783990903998852,-0.0031935902919425106,0.011189237236976624,-0.0007566795102320611
2023-02-08,-0.0031021550387760888,0.0,0.04202219843250243,1e-06,-0.000733583438430606,-0.0007475635896090323,-0.002200616989284754,-0.0010304969036951661
2023-02-09,-0.01166001472769651,0.0,-0.0031021550387760888,1e-06,0.000363037447961437,-0.00422122250080505,0.007031858433037996,-0.001323155127465725
2023-02-10,-0.00197209633697748,0.0,-0.01166001472769651,1e-06,0.0006041381860661897,-0.0042861143664254565,-0.005467760842293501,-0.00074862438486889
2023-02-13,0.031242857245109557,0.0,-0.00197209633697748,1e-06,0.0003682234011102322,-0.00849178220605316,0.01152619905769825,-0.0004652568604797125
2023-02-14,0.0031328528823530988,0.0,0.031242857245109557,1e-06,-0.0004671430373662332,-0.009311153879637562,0.006932953372597694,-0.000925081258174032
2023-02-15,-0.007992989528228911,0.0,0.0031328528823530988,1e-06,0.0002139847854913894,-0.006736316094097531,0.013171578757464886,-0.0011350291315466166
2023-02-16,-0.026622745788416502,0.0,-0.007992989528228911,1e-06,0.0005088395128748984,-0.009953946465969758,-0.002679465338587761,-0.0007437801104970276
2023-02-17,-0.015601729336225278,0.0,-0.026622745788416502,1e-06,0.0009814426365598859,-0.00964237335756206,0.0010995878838002682,0.0004720411088783294
2023-02-21,-0.020886590486316692,0.0,-0.015601729336225278,1e-06,0.0007180177718561155,-0.012184742493577514,-0.004260488785803318,0.0010814056731760502
2023-02-22,-0.004590995136901865,0.0,-0.020886590486316692,1e-06,0.0008434177853844212,-0.008820424640744666,-0.003075659740716219,0.0018940760055556893
2023-02-23,0.012961725770378463,0.0,-0.004590995136901865,1e-06,0.0004396005110766223,-0.011216383525368813,-0.000548108306247741,0.0016263634897768497
2023-02-24,-0.021784387631261892,0.0,0.012961725770378463,1e-06,-8.82699111936754e-06,-0.010069941495598925,-0.010840981267392635,0.0006503080949187279
2023-02-27,0.00377166546915797,0.0,-0.021784387631261892,1e-06,0.0008476869685012282,-0.010134911845817695,0.009544656611979008,0.0016168543370440602
2023-02-28,-0.0029580866800996697,0.0,0.00377166546915797,1e-06,0.00023086692611368645,-0.009510614304482079,0.005822159815579653,0.0009085107012651861
2023-03-01,-0.012629251089289029,0.0,-0.0029580866800996697,1e-06,0.00038352479635886237,-0.0055138599978609365,0.002258422551676631,0.0008216311689466238
2023-03-02,0.019653317782963864,0.0,-0.012629251089289029,1e-06,0.0006288544942235167,-0.007362171069582198,0.0011962614953517914,0.0012378792744129896
2023-03-03,0.016645918127532244,0.0,0.019653317782963864,1e-06,-0.00017120947105444037,-0.005762825821172013,0.004606953822076321,-7.341574018937536e-06
2023-03-06,0.0061891751887013235,0.0,0.016645918127532244,1e-06,-0.00011608581525654292,-0.005097676828929966,-0.011795938946306705,-0.0006718811928294599
2023-03-07,-0.010589212289875305,0.0,0.0061891751887013235,1e-06,0.0001464263701534604,-0.004445830420036368,-0.0069479262456297874,-0.0008596672560088336
2023-03-08,-0.0017702580631093756,0.0,-0.010589212289875305,1e-06,0.0005719876890567549,-0.0005257630107470762,-0.011409314349293709,-0.00032748631201684475
2023-03-09,-0.005439587036138338,0.0,-0.0017702580631093756,1e-06,0.0003623800142053937,-0.0025489323134096145,-0.010913284495472908,-0.0002084755542455241
2023-03-10,-0.014782871476265225,0.0,-0.005439587036138338,1e-06,0.0004487794172722289,-0.0012142643821891593,-0.00513960188254714,6.411671347450465e-05
2023-03-13,0.02144089396754767,0.0,-0.014782871476265225,1e-06,0.0006842663206797575,-0.0017705179214861973,-0.003710659686475992,0.0007478499901480973
2023-03-14,0.02705563894644869,0.0,0.02144089396754767,1e-06,-0.00021446670296924853,-0.0016242480592864633,0.006100582890212536,-0.00028935394948348403
2023-03-15,0.01783049594049335,0.0,0.02705563894644869,1e-06,-0.0003771273807543976,0.0017650518741740458,0.00458905752748251,-0.001030834042467177
2023-03-16,0.04053663711887512,0.0,0.01783049594049335,1e-06,-0.00015081057775928733,-0.0007993220591607291,-0.004373063798993826,-0.0014498092932626605
2023-03-17,0.01169423531226732,0.0,0.04053663711887512,1e-06,-0.0007121978224786151,-1.9029971567328594e-06,-0.007264300249516964,-0.0016893793363124132
2023-03-20,-0.02576680022847655,0.0,0.01169423531226732,1e-06,-5.937818946328795e-06,-0.0020157590552310318,-0.008701298385858536,-0.0021347336005419493
2023-03-21,0.005693580113791175,0.0,-0.02576680022847655,1e-06,0.0009472116597235163,-0.0022673800343581633,-0.0004867690440732986,-0.0012919482542201877
2023-03-22,-0.005442014907477533,0.0,0.005693580113791175,1e-06,0.00018535649606469983,0.0007819154424330271,-0.002919939113780856,-0.0010084938257932663
2023-03-23,0.019721632948724643,0.0,-0.005442014907477533,1e-06,0.000444419251131198,-0.0020592958244625295,0.0050443010404706,-0.0006228691199794412
2023-03-24,0.010480486819221646,0.0,0.019721632948724643,1e-06,-0.0001775213911681528,-0.001472465591104954,-0.0022315108217298985,-0.0009243287495337427
2023-03-27,-0.014933795452161558,0.0,0.010480486819221646,1e-06,3.7725487069424136e-05,-0.0037228424219021908,-0.002187746576964855,-0.001117162057198584
2023-03-28,-0.004160951286896419,0.0,-0.014933795452161558,1e-06,0.00067777011164011,-0.003932732416030372,-0.00582799781113863,-0.0005179985309951007
2023-03-29,0.019183813732523758,0.0,-0.004160951286896419,1e-06,0.00042472434400181696,-0.0007916426912861377,0.0074366177432239056,-0.0002112538059009239
2023-03-30,0.0126198379566822,0.0,0.019183813732523758,1e-06,-0.00016458230528231145,-0.0034994112566194635,0.0014769670087844133,-0.00068316311808303
2023-03-31,0.014962239218373474,0.0,0.0126198379566822,1e-06,-1.5377267775873373e-05,-0.0027470113028241388,-0.0010451776906847954,-0.0009868788765743375
2023-04-03,-0.0037114533689553975,0.0,0.014962239218373474,1e-06,-7.014781957662689e-05,-0.004412504532904267,-0.0010829841485247016,-0.0012381355045363307
2023-04-04,-0.0001740723724691362,0.0,-0.0037114533689553975,1e-06,0.0003948213530746307,-0.004433506371652202,-0.004220695700496435,-0.001056857407093048
2023-04-05,-0.009889293808136856,0.0,-0.0001740723724691362,1e-06,0.00031809420522758926,-0.0011233467031871434,-0.006288878154009581,-0.0008352201548404992
2023-04-06,0.025532821054662147,0.0,-0.009889293808136856,1e-06,0.0005587957187770945,-0.0036906562828833275,-0.006108129862695932,-0.0003242691163904965
2023-04-10,-0.007578866312659138,0.0,0.025532821054662147,1e-06,-0.0003197875110408316,-0.004454791705599888,0.0003835099923890084,-0.0008543367148377001
2023-04-11,-0.022668436734482378,0.0,-0.007578866312659138,1e-06,0.00048516777768094395,-0.004558531427600866,0.006174052599817514,-0.0006416395190171897
2023-04-12,0.002333457496591862,0.0,-0.022668436734482378,1e-06,0.0008821007717186212,-0.0013792390113169717,-0.00785775389522314,0.0004029622650705278
2023-04-13,0.02239940098631843,0.0,0.002333457496591862,1e-06,0.00026764261739203806,-0.00412229105801079,-0.0033621664624661207,0.00021726515842601657
2023-04-14,-0.01276536127890826,0.0,0.02239940098631843,1e-06,-0.00024880775627527686,-0.0034811565072210317,-0.00413892325013876,-0.0005212841788306832
2023-04-17,0.009295991227558531,0.0,-0.01276536127890826,1e-06,0.0006164623642633705,-0.005914707255822472,-0.0077154566533863544,-6.840420246589929e-05
2023-04-18,-0.0014889708831662407,0.0,0.009295991227558531,1e-06,8.71339277606095e-05,-0.0063143680434627845,0.0005009499145671725,-0.0003979049506597221
2023-04-19,0.00027761018991157016,0.0,-0.0014889708831662407,1e-06,0.0003432472245142111,-0.0034264400574127393,-0.0017016828060150146,-0.0003142560599371791
2023-04-20,-0.008112390395030533,0.0,0.00027761018991157016,1e-06,0.00030552640743716964,-0.006445592528163754,-0.010281236842274666,-0.0002858320949599147
2023-04-21,-0.001223167033098771,0.0,-0.008112390395030533,1e-06,0.0005141073664210232,-0.00605475877887425,-0.0020161147695034742,7.964698306750506e-05
2023-04-24,-0.013962912086407098,0.0,-0.001223167033098771,1e-06,0.0003472721025453672,-0.008988735200765232,-0.009523086249828339,9.598475298844278e-05
2023-04-25,-0.022536127704723685,0.0,-0.013962912086407098,1e-06,0.0006612545904389304,-0.009445222720510078,-0.0065430039539933205,0.0006970895919948816
2023-04-26,0.07243491481592002,0.0,-0.022536127704723685,1e-06,0.000883194031548747,-0.0065495247194155125,0.0020292922854423523,0.0016660314286127687
2023-04-27,0.03202734604546964,0.0,0.07243491481592002,1e-06,-0.001482969379215542,-0.009493171997767478,0.011491506360471249,-8.398627687711269e-05
2023-04-28,0.00797185765194297,0.0,0.03202734604546964,1e-06,-0.000532963748232586,-0.00895790762174169,-3.899853254551999e-05,-0.001231478527188301
2023-05-01,-0.00553264128955433,0.0,0.00797185765194297,1e-06,9.149688628354194e-05,-0.011063290341078606,-0.008470248430967331,-0.0016829152591526508
2023-05-02,-0.0004911975332334562,0.0,-0.00553264128955433,1e-06,0.0004443385079384492,-0.011127689217773448,-0.0026438767090439796,-0.0014165599131956697
2023-05-03,-0.0033070128867915827,0.0,-0.0004911975332334562,1e-06,0.0003272503407885662,-0.00779438515911487,0.005183851812034845,-0.00109632289968431
2023-05-04,0.003317985507623522,0.0,-0.0033070128867915827,1e-06,0.0003946454856138829,-0.010264660824954912,0.0034668149892240763,-0.000757894420530647
2023-05-05,0.01715730771426882,0.0,0.003317985507623522,1e-06,0.00023088287080091013,-0.009231185228420119,0.0012881121365353465,-0.0006633417797274888
2023-05-08,-0.006438061287005525,0.0,0.01715730771426882,1e-06,-0.00011881528850040275,-0.009813151715727015,-0.0009546795627102256,-0.0009506095084361732
2023-05-09,-0.005345936447230026,0.0,-0.006438061287005525,1e-06,0.00046169739201306313,-0.009401490209941011,0.006025021895766258,-0.0006872754893265665
2023-05-10,0.017296475060252448,0.0,-0.005345936447230026,1e-06,0.00044892093363612447,-0.005628047961315341,0.004512903746217489,-0.0003436158876866102
2023-05-11,-0.00704421538583988,0.0,0.017296475060252448,1e-06,-0.00011684565503338904,-0.00770503037886411,-0.0063759153708815575,-0.0007364744669757783
2023-05-12,-0.003676269415405109,0.0,-0.00704421538583988,1e-06,0.00047688402785257144,-0.0063348348740834785,-0.001055389759130776,-0.0004593261983245611
2023-05-15,0.0015860187160747774,0.0,-0.003676269415405109,1e-06,0.0004076036984373768,-0.0063197657346139,-0.0017094686627388,-0.00022549314599018544
2023-05-16,0.007367679212916478,0.0,0.0015860187160747774,1e-06,0.0002744587735343381,-0.005862028871607686,-0.0037913622800260782,-0.000232166305067949
2023-05-17,0.009451640735213651,0.0,0.007367679212916478,1e-06,0.00012674870857494014,-0.0021214455264364908,-0.004743694793432951,-0.000448044971562922
2023-05-18,0.014394918082939245,0.0,0.009451640735213651,1e-06,7.101731394446823e-05,-0.004308488499023677,-0.009107866324484348,-0.0006964158383198082
2023-05-19,-0.0005653190124413898,0.0,0.014394918082939245,1e-06,-5.382261795783933e-05,-0.003121714293021276,-0.006967268884181976,-0.0010136920027434826
2023-05-22,0.008921371793760846,0.0,-0.0005653190124413898,1e-06,0.0003166608252776365,-0.004029660829789719,-0.012030395679175854,-0.0009142975904978812
2023-05-23,-0.01843206408615372,0.0,0.008921371793760846,1e-06,8.900235035692519e-05,-0.003973097779338894,-0.01031859964132309,-0.0009990716353058815
2023-05-24,-0.004472605440315691,0.0,-0.01843206408615372,1e-06,0.0007664126887994546,-0.0006618441377404206,-0.008329236879944801,-0.000192451334442012
2023-05-25,0.03845818866053241,0.0,-0.004472605440315691,1e-06,0.00043472092915733683,-0.0032939405963142076,0.0012951325625181198,4.5912671339465305e-05
2023-05-26,0.02138544135221565,0.0,0.03845818866053241,1e-06,-0.0006456704178285197,-0.002555149090127502,0.0036569363437592983,-0.0008108388283289969
2023-05-30,-0.00504673233981523,0.0,0.02138544135221565,1e-06,-0.0002462943150715847,-0.004979604390236398,0.001887430204078555,-0.0013726023025810719
2023-05-31,-0.008514155423587466,0.0,-0.00504673233981523,1e-06,-0.002700658511439963,0.0038614535479258886,0.0002719699696172029,-0.0009930324740707874
2023-06-01,0.012759184612341823,0.0,-0.008514155423587466,1e-06,0.00230963560263651,0.0024389822988780388,0.000382467289455235,-0.00032721817842684686
2023-06-02,0.008479082584474051,0.0,0.012759184612341823,1e-06,0.004372924689157455,0.0014665885325897648,0.0006007556803524494,-0.0006964177591726184
2023-06-05,0.0016101375234600646,0.0,0.008479082584474051,1e-06,0.00015687426822383918,-0.0010341306251920317,-0.0024710828438401222,-0.0007983249379321933
2023-06-06,-0.006727305375846315,0.0,0.0016101375234600646,1e-06,-0.0017372927399209928,-0.0011635866823378747,-0.0025114775635302067,-0.0005716378800570965
2023-06-07,-0.03086807647088452,0.0,-0.006727305375846315,1e-06,0.0005689357662757705,0.002335192649488988,-0.0014732176205143332,-5.026216967962682e-05
2023-06-08,0.005813506977628391,0.0,-0.03086807647088452,1e-06,0.0025596967141987732,0.0010921792079172938,0.004724752623587847,0.0011730516562238336
2023-06-09,0.004703910827005053,0.0,0.005813506977628391,1e-06,0.004607847973105397,0.0003473083439742464,-0.006357548758387566,0.001169745926745236
2023-06-12,0.015483993576743904,0.0,0.004703910827005053,1e-06,0.0006587500764487974,-0.0012560342394876758,-0.0015038293786346912,0.0008505333098582923
2023-06-13,0.007352924563896579,0.0,0.015483993576743904,1e-06,-0.0011723824509081479,-0.0010445173614487416,-0.003296750597655773,3.0618830351158977e-05
2023-06-14,0.00912378677521919,0.0,0.007352924563896579,1e-06,-0.000612421944841321,0.0027995855933337843,0.00015309725131373852,-0.00023690456873737276
2023-06-15,0.031896516278444365,0.0,0.00912378677521919,1e-06,0.001295108938297149,0.0018958961329517358,-0.013865526765584946,-0.0005487451562657952
2023-06-16,-0.016575868816738226,0.0,0.031896516278444365,1e-06,0.0016689662468249088,0.0014741547144949507,0.0039630793035030365,-0.002040338236838579
2023-06-20,-0.01250253007296287,0.0,-0.016575868816738226,1e-06,-0.0021273178994907823,0.0010309864704296662,-0.01226872019469738,-0.0005567154148593545
2023-06-21,-0.01328182692141533,0.0,-0.01250253007296287,1e-06,0.0012305430023001158,0.004990022433285132,0.011126935482025146,0.00018204216030426323
2023-06-22,0.01843735752687059,0.0,-0.01328182692141533,1e-06,0.0037456600665108242,0.004142777303413789,-0.0004893590812571347,0.0008541119168512523
2023-06-23,-0.013805925816391618,0.0,0.01843735752687059,1e-06,0.003132329160905308,0.003717091395408716,0.00910816341638565,8.415980846621096e-05
2023-06-26,-0.019162946259977165,0.0,-0.013805925816391618,1e-06,-0.0018067336418561006,0.0025263746419039628,-0.008240751922130585,0.0007482548244297504
2023-06-27,0.018167870699353106,0.0,-0.019162946259977165,1e-06,0.0001589260228034375,0.0026788945049033494,0.0020069763995707035,0.0014809847343713045
2023-06-28,0.003825941912350972,0.0,0.018167870699353106,1e-06,0.004410795538788575,0.006365569816140079,0.00445222482085228,0.0006479552248492837
2023-06-29,-0.002382251071459507,0.0,0.003825941912350972,1e-06,0.0007612321618634835,0.005210355634629693,-0.0010609300807118416,0.0004143841506447643
2023-06-30,0.01638588569198829,0.0,-0.002382251071459507,1e-06,-0.001241464667326497,0.004450155292514053,-0.008335725404322147,0.0005044601857662201
2023-07-03,-0.007488198665686396,0.0,0.01638588569198829,1e-06,0.001098108974613695,0.0021979918361797455,0.00199037604033947,-0.0002983881568070501
2023-07-05,0.0004733226622379849,0.0,-0.007488198665686396,1e-06,0.0006710469073747895,0.005386782112883524,-0.0038532898761332035,0.0001993335026782006
2023-07-06,0.00922676487953722,0.0,0.0004733226622379849,1e-06,0.00161445476911599,0.003953800269583865,-0.0039090742357075214,0.00023978299577720463
2023-07-07,-0.011867356056290523,0.0,0.00922676487953722,1e-06,0.0014903603518078585,0.0029591706767830668,-0.0022823279723525047,-0.00012508415966294706
2023-07-10,-0.015983808958006884,0.0,-0.011867356056290523,1e-06,-0.00018901509537834677,0.00032940387388093,-0.0016242110868915915,0.0004934158641844988
2023-07-11,0.0019287197450741367,0.0,-0.015983808958006884,1e-06,0.001327697999015408,0.00014072054295139207,-0.0032532596960663795,0.0011642070021480322
2023-07-12,0.014226841495546427,0.0,0.0019287197450741367,1e-06,0.0032801240229955357,0.0035752635007271936,0.0031852005049586296,0.0011082992423325777
2023-07-13,0.016192190287001917,0.0,0.014226841495546427,1e-06,0.0014991773307533542,0.002265236544521358,-0.0046337442472577095,0.00034990065614692867
2023-07-14,0.00752939237271133,0.0,0.016192190287001917,1e-06,-0.001104991980923923,0.0014529630912295676,-0.0018344459822401404,-0.00042376757482998073
2023-07-17,0.001419376030135755,0.0,0.00752939237271133,1e-06,-0.0011129698658476357,-0.0003303323492714061,-0.005902615375816822,-0.0005809701979160309
2023-07-18,0.039799779904637456,0.0,0.001419376030135755,1e-06,0.0009947161918287654,-0.0001635248774239685,-0.006495215930044651,-0.0004221335693728179
2023-07-19,-0.012267318856612142,0.0,0.039799779904637456,1e-06,0.0026968952882298666,0.0036469743584130153,0.002815673826262355,-0.0023816742468625307
2023-07-20,-0.02312164359264912,0.0,-0.012267318856612142,1e-06,-0.0023636266422825585,0.0027224250592081025,-0.0036650332622230053,-0.0008844726253300905
2023-07-21,-0.008937082249291906,0.0,-0.02312164359264912,1e-06,5.081521508806743e-05,0.0022938100601265976,0.011117572896182537,0.00029494267073459923
2023-07-24,0.0038977564999942427,0.0,-0.008937082249291906,1e-06,0.0046206064571694405,0.001537925959141996,0.019444571807980537,0.0008786325342953205
2023-07-25,0.017009332072437378,0.0,0.0038977564999942427,1e-06,0.0033628930280452758,0.0019709319065847855,0.007066261023283005,0.0007752191158942878
2023-07-26,-0.03763739559928214,0.0,0.017009332072437378,1e-06,-0.00040062692538911,0.005994226270211086,0.0016561616212129593,-5.2736286306753755e-05
2023-07-27,-0.02087240757376585,0.0,-0.03763739559928214,1e-06,-0.0027338485157245894,0.0052218286753820875,-0.005533300805836916,0.001399225671775639
2023-07-28,0.023131448046292746,0.0,-0.02087240757376585,1e-06,0.004000941431064755,0.00487906790050493,-0.007874310947954655,0.0023044729605317116
2023-07-31,-0.007240600541646325,0.0,0.023131448046292746,1e-06,0.006115312643175876,0.003953253582892143,0.0032843255903571844,0.0011981307761743665
2023-08-01,0.0012503492050028875,0.0,-0.007240600541646325,1e-06,-0.0015216688816429983,0.004186701301717589,-0.004446021281182766,0.0013046973617747426
2023-08-02,-0.02628277998272599,0.0,0.0012503492050028875,1e-06,-0.001665653037945117,0.007943536508219226,-0.015702564269304276,0.0010769262444227934
2023-08-03,-0.002564990653380117,0.0,-0.02628277998272599,1e-06,0.0012203415835285996,0.006843235947947585,0.003029618412256241,0.0018787154695019126
2023-08-04,0.0034285591874743115,0.0,-0.002564990653380117,1e-06,0.004927807440444404,0.006118215412432626,-0.010418593883514404,0.0019277904648333788
2023-08-07,0.007108458193192613,0.0,0.0034285591874743115,1e-06,0.002214085170999836,0.00381045375414123,-0.004690914880484343,0.0015043702442198992
2023-08-08,-0.012299026735553942,0.0,0.007108458193192613,1e-06,-0.00096947381591998,0.003540109505277895,-0.009788839146494865,0.0009253978496417403
2023-08-09,-0.011716048910750732,0.0,-0.012299026735553942,1e-06,-0.0009451745383708967,0.006790655907851518,-0.0029664349276572466,0.001277916831895709
2023-08-10,0.0021725157225997993,0.0,-0.011716048910750732,1e-06,0.002576952255323179,0.005193236971987113,-0.011009451001882553,0.0016176541103050113
2023-08-11,-0.005945529239650416,0.0,0.0021725157225997993,1e-06,0.0036160535651406714,0.003991644752001637,-0.012850461527705193,0.0013727155746892095
2023-08-14,0.009438755575157387,0.0,-0.005945529239650416,1e-06,0.0005659346785109438,0.00048060901476242046,0.0014534348156303167,0.0014174195239320397
2023-08-15,-0.006727557863620781,0.0,0.009438755575157387,1e-06,0.00022399562859410434,-8.635535076146239e-05,0.007800038438290358,0.0008265162468887866
2023-08-16,-0.0024283392892465727,0.0,-0.006727557863620781,1e-06,0.0001219966438624554,0.0029308253916557198,-0.003060894552618265,0.0010036674793809652
2023-08-17,-0.010986283491376203,0.0,-0.0024283392892465727,1e-06,0.0018340925728687414,0.0011674668286638893,0.008537283167243004,0.0010157849173992872
2023-08-18,-0.0012622736212949404,0.0,-0.010986283491376203,1e-06,0.0017902093416489351,-0.00013024307655582173,0.00867407489567995,0.0013603817205876112
2023-08-21,0.017062575845928407,0.0,-0.0012622736212949404,1e-06,0.0017912521834716297,-0.0035138498273343025,0.0044655948877334595,0.0013133138418197632
2023-08-22,0.0018017735324464823,0.0,0.017062575845928407,1e-06,0.0012117787094463432,-0.003909512549073349,-0.0006716115749441087,0.0003618410846684128
2023-08-23,0.014079485413069914,0.0,0.0018017735324464823,1e-06,-0.0008585508501985242,-0.000665476191429925,0.0013029560213908553,0.00029771108529530466
2023-08-24,-0.021498482691086007,0.0,0.014079485413069914,1e-06,0.000529742114254731,-0.0021537711353397933,-0.011028390377759933,-0.00034834080724976957
2023-08-25,0.009407242496258572,0.0,-0.021498482691086007,1e-06,0.00031106211535719013,-0.0031366039020510657,0.007054413203150034,0.0007128717843443155
2023-08-28,0.0022292959818235314,0.0,0.009407242496258572,1e-06,0.003259500597498818,-0.005430858231453773,0.0021787353325635195,0.0003931207174900919
2023-08-29,0.014550403528892808,0.0,0.0022292959818235314,1e-06,0.0011683815538009248,-0.005447983022136781,-0.0018315063789486885,0.00033496730611659586
2023-08-30,0.001157111322367621,0.0,0.014550403528892808,1e-06,-0.00010122164205123474,-0.001833822110148297,-0.0016819293377920985,-0.0002955813833978027
2023-08-31,-0.0031327258013974513,0.0,0.001157111322367621,1e-06,-0.0006310591017102483,-0.0029693265954629944,-0.009869431145489216,-0.00015542327309958637
2023-09-01,0.0027457665034176237,0.0,-0.0031327258013974513,1e-06,0.0010855352606619184,-0.0036247664401355953,-0.009095166809856892,0.0001230828056577593
2023-09-05,0.01487858195768843,0.0,0.0027457665034176237,1e-06,0.0022913739739748246,-0.005000656968993489,0.0006752330809831619,0.00010906436364166439
2023-09-06,-0.0020085542297492154,0.0,0.01487858195768843,1e-06,0.0013167862769372836,-0.001263913121260083,0.005238893907517195,-0.0004876776074524969
2023-09-07,-0.00892206537684792,0.0,-0.0020085542297492154,1e-06,-0.0009626685903159965,-0.0023231383935640804,-0.0014068890595808625,-0.00014619421563111246
2023-09-08,0.013215662555314145,0.0,-0.00892206537684792,1e-06,0.00043320545345825585,-0.00294682519711061,-0.003931431099772453,0.00037152969161979854
2023-09-11,0.010979093773157311,0.0,0.013215662555314145,1e-06,0.0030038967248935157,-0.0046083569833485875,0.00819043256342411,-0.000144025165354833
2023-09-12,-0.01825781894497891,0.0,0.010979093773157311,1e-06,0.0008263729509305499,-0.004558641143864131,0.004448763560503721,-0.000492269522510469
2023-09-13,0.012930819018897255,0.0,-0.01825781894497891,1e-06,-0.0013706548000243606,-0.0009416608312924598,-0.010821674019098282,0.00048108355258591473
2023-09-14,0.007855659059610387,0.0,0.012930819018897255,1e-06,0.002433647399672845,-0.0021304159150269107,0.012096020393073559,1.1315307347103953e-05
2023-09-15,-0.025036861685384326,0.0,0.007855659059610387,1e-06,0.0016368266375782986,-0.0028855208268507094,0.0055642020888626575,-0.0002298268664162606
2023-09-18,-0.0035128193218939563,0.0,-0.025036861685384326,1e-06,-0.0006780431715768546,-0.004876364071158193,0.0013910875422880054,0.0008927087183110416
2023-09-19,-0.0012458665716785777,0.0,-0.0035128193218939563,1e-06,0.0025317086540238625,-0.0048919034432940425,-0.003990598022937775,0.0011541364947333932
2023-09-20,-0.02397701733375046,0.0,-0.0012458665716785777,1e-06,0.0026526234219449952,-0.0013085386763915892,-0.0038323986809700727,0.001135853584855795
2023-09-21,-0.0038656821942171238,0.0,-0.02397701733375046,1e-06,0.00037705144593316886,-0.0024952595874450103,0.026640933007001877,0.0018886635079979897
2023-09-22,-0.007886538124202591,0.0,-0.0038656821942171238,1e-06,0.0021440781084784387,-0.0032099447087790235,0.010485385544598103,0.002007164293900132
2023-09-25,0.0016718193369147372,0.0,-0.007886538124202591,1e-06,0.0019110245555160634,-0.004842472936763252,0.009886159561574459,0.0020545495208352804
2023-09-26,-0.01700561997737715,0.0,0.0016718193369147372,1e-06,0.0014154273100701652,-0.0046642744792334,0.00526783661916852,0.0017180509166792035
2023-09-27,0.002082305496687198,0.0,-0.01700561997737715,1e-06,0.00024410507602225348,-0.0008557077946157842,0.0018789684399962425,0.0020914000924676657
2023-09-28,0.0027175175083393732,0.0,0.002082305496687198,1e-06,0.002234559985164532,-0.0017909589312966755,0.009686358273029327,0.0017970369663089514
2023-09-29,0.0067274243650543575,0.0,0.0027175175083393732,1e-06,0.001627102901251746,-0.002234081931862064,0.0010234962683171034,0.0013783392496407032
2023-10-02,0.01916052358723319,0.0,0.0067274243650543575,1e-06,0.00040101213626386593,-0.0030036089693716876,0.0032993422355502844,0.0008416692726314068
2023-10-03,-0.026134056081994705,0.0,0.01916052358723319,1e-06,0.0002496741888568792,-0.0025476232798545134,-0.004258953966200352,-0.00023108962341211736
2023-10-04,0.01777333556018945,0.0,-0.026134056081994705,1e-06,-0.0009815694084617476,0.001520691995378759,0.014075648970901966,0.0009674255270510912
2023-10-05,0.0012540422117000016,0.0,0.01777333556018945,1e-06,0.003643771696696517,0.0008197393181099639,-0.00016464565123897046,0.00019904455984942615
2023-10-06,0.024737167413210415,0.0,0.0012540422117000016,1e-06,0.001181606755031019,0.0005786772250441045,0.0014192921807989478,0.00021401603589765728
2023-10-09,0.00782218268016699,0.0,0.024737167413210415,1e-06,-5.5564511362463575e-05,0.00016760068722132136,0.001603990327566862,-0.000981221441179514
2023-10-10,-0.004335505150149133,0.0,0.00782218268016699,1e-06,-0.0014569336441002717,0.0006480443231620868,0.01084157358855009,-0.0009583613136783242
2023-10-11,0.012272014271214493,0.0,-0.004335505150149133,1e-06,0.0002218769560597358,0.004690309707755062,0.0017494920175522566,-0.00043719864333979785
2023-10-12,-0.0037904107924161545,0.0,0.012272014271214493,1e-06,0.0027823454762145572,0.003913070166909371,0.004420161247253418,-0.0007926833350211382
2023-10-13,-0.010357458847344403,0.0,-0.0037904107924161545,1e-06,0.0007384290052960837,0.0035471423755257196,0.0017012010794132948,-0.0003012031957041472
2023-10-16,0.014981773589582748,0.0,-0.010357458847344403,1e-06,0.00020837896859698837,0.002506050171305649,0.0027526426129043102,0.0003262826649006456
2023-10-17,-0.001743491077541015,0.0,0.014981773589582748,1e-06,0.0021855509678407707,0.0027090506940292422,0.011003675870597363,-0.00022671520127914846
2023-10-18,-0.005872544731518881,0.0,-0.001743491077541015,1e-06,0.00037903664926525996,0.006451284224687252,0.0023325833026319742,4.499635542742908e-05
2023-10-19,0.003665556844791862,0.0,-0.005872544731518881,1e-06,0.0003240895051807185,0.005359055406245622,0.006282779388129711,0.00041174967191182077
2023-10-20,-0.014034827900822,0.0,0.003665556844791862,1e-06,0.0018187162260286213,0.004671134643971203,0.00891425833106041,0.00031753824441693723
2023-10-23,0.008112004174428922,0.0,-0.014034827900822,1e-06,0.0007412362714776899,0.0015245763471437703,-0.00474459258839488,0.0008792976732365787
2023-10-24,0.0036745397879827113,0.0,0.008112004174428922,1e-06,0.00217099350731829,0.0009748831900528645,0.011237630620598793,0.0007303549209609628
2023-10-25,0.030678037684542137,0.0,0.0036745397879827113,1e-06,0.0006620807255083521,0.0032797639688581745,0.008783542551100254,0.000598677434027195
2023-10-26,-0.03751444550887306,0.0,0.030678037684542137,1e-06,0.0002709847908146483,0.002822996527577647,0.005397517699748278,-0.00039958773413673043
2023-10-27,0.0058555791147778535,0.0,-0.03751444550887306,1e-06,-0.002491228355390343,0.002068259032239889,-0.011785865761339664,0.0010366709902882576
2023-10-30,0.022740299311024392,0.0,0.0058555791147778535,1e-06,0.0036659957071976867,0.0008261924920569949,-0.011885014362633228,0.0009736124193295836
2023-10-31,0.0023718269398100844,0.0,0.022740299311024392,1e-06,0.00413798067217225,0.0004376222282757578,-0.008441602811217308,0.0001962642272701487
2023-11-01,0.023542655989319483,0.0,0.0023718269398100844,1e-06,-0.002360758077919903,0.002926739605167747,0.001240824582055211,1.069058635039255e-05
2023-11-02,0.006501366184086033,0.0,0.023542655989319483,1e-06,-0.0019682309933279716,0.0026702859234861674,-0.003161234548315406,-0.0008020337554626167
2023-11-03,0.012861912163323774,0.0,0.006501366184086033,1e-06,0.0010484174090221758,0.002124438400373946,0.0048229568637907505,-0.0010204071877524257
2023-11-06,0.010572536816819245,0.0,0.012861912163323774,1e-06,0.0028785131625099387,0.0014832650036211918,0.0011129904305562377,-0.0013657794333994389
2023-11-07,0.011219126025256099,0.0,0.010572536816819245,1e-06,0.0003777432058204525,0.0012615303234316839,-0.003092884086072445,-0.0015595376025885344
2023-11-08,0.00740583180071952,0.0,0.011219126025256099,1e-06,-0.0013703074109993004,0.003889539796893418,-0.003845436265692115,-0.0017133490182459354
2023-11-09,-0.006910734486552883,0.0,0.00740583180071952,1e-06,4.5560594989345164e-05,0.003738473945042822,0.0009086640784516931,-0.0016898210160434246
2023-11-10,0.024896580430106452,0.0,-0.006910734486552883,1e-06,0.0016310974316773078,0.0032599755223859162,0.008441822603344917,-0.0010994718177244067
2023-11-13,-0.008088186557282606,0.0,0.024896580430106452,1e-06,0.002800583430600763,0.002565349136140578,0.004110535141080618,-0.0015647050458937883
2023-11-14,0.009790526549091183,0.0,-0.008088186557282606,1e-06,-0.0015051587382158213,0.0022381224437849415,-0.0010737822158262134,-0.0009619423071853817
2023-11-15,0.0004059724251943564,0.0,0.009790526549091183,1e-06,-0.00028406565277962464,0.004718934224584321,0.001643990515731275,-0.000995851936750114
2023-11-16,0.01758320403929292,0.0,0.0004059724251943564,1e-06,0.0016648289943455058,0.00438221792865397,-0.0019324884051457047,-0.0007351913372986019
2023-11-17,-0.016800855615822452,0.0,0.01758320403929292,1e-06,0.0023040566816443287,0.003684072525266307,-0.0024164163041859865,-0.0010765248443931341
2023-11-20,0.020521923221409555,0.0,-0.016800855615822452,1e-06,-0.0012851722581402368,0.0021861730055918517,-0.016073234379291534,-0.00019381260790396482
2023-11-21,-0.011578083900802394,0.0,0.020521923221409555,1e-06,0.0011008437235666205,0.0015667186874667289,0.007442220114171505,-0.0006195171154104173
2023-11-22,0.012812543675809529,0.0,-0.011578083900802394,1e-06,0.0006433435130595855,0.0037560239553624617,-0.0018169389804825187,-1.0973548342008144e-05
2023-11-24,-0.0011115311143494733,0.0,0.012812543675809529,1e-06,0.0018342442689963587,0.002171968472537135,0.004634032491594553,-0.00026702374452725053
2023-11-27,0.0031263834900179255,0.0,-0.0011115311143494733,1e-06,0.00017702465954334964,4.315421777054671e-05,-0.006908790208399296,-0.00010198029485763982
2023-11-28,0.010802691046503554,0.0,0.0031263834900179255,1e-06,0.0001033979232775193,-0.0007115094766356516,-0.007793487049639225,-8.198270370485261e-05
2023-11-29,-0.010059989570212258,0.0,0.010802691046503554,1e-06,0.0012321653673770055,0.0013869441429144604,-0.014916465617716312,-0.0003428325871936977
2023-11-30,0.00015832407723248565,0.0,-0.010059989570212258,1e-06,0.00039704094105473455,0.0007230924968813373,-0.0074017406441271305,0.00014250572712626308
2023-12-01,-0.011612234411939704,0.0,0.00015832407723248565,1e-06,0.0012403514256478655,-0.00023842404033456885,-0.007356273476034403,0.0002868480223696679
2023-12-04,-0.01433878291427737,0.0,-0.011612234411939704,1e-06,0.0009654922372979552,-0.002087716416741121,-0.007500381208956242,0.0008260476752184331
2023-12-05,0.0091562554780944,0.0,-0.01433878291427737,1e-06,0.0011074903963330463,-0.002670300148733032,0.003972369711846113,0.0014568725600838661
2023-12-06,-0.009986150922788872,0.0,0.0091562554780944,1e-06,0.0021602530568781537,-0.00036900237767808683,-0.006032449658960104,0.0012594887521117926
2023-12-07,0.005830102776091639,0.0,-0.009986150922788872,1e-06,-5.206766087832151e-05,-0.0008059793833432422,-0.00030701974174007773,0.0015348844463005662
2023-12-08,0.008842112643466349,0.0,0.005830102776091639,1e-06,0.0005662347484342379,-0.0015240662005085986,-0.004915984347462654,0.0012921065790578723
2023-12-11,-0.0078294621911571,0.0,0.008842112643466349,1e-06,0.0012457331280919606,-0.0026246700535171494,-0.009579154662787914,0.0008582105510868132
2023-12-12,0.008295105015806659,0.0,-0.0078294621911571,1e-06,0.0002522527472274328,-0.002978812345995335,-0.0024707128759473562,0.0009981710463762283
2023-12-13,-2.6591609632475866e-05,0.0,0.008295105015806659,1e-06,0.0012313521517311613,-0.00047248875182342027,-0.0070807854644954205,0.0006525230128318071
2023-12-14,-0.022544716850412705,0.0,-2.6591609632475866e-05,1e-06,0.0007329535411312114,-0.0007345745935900326,-0.0076789394952356815,0.0005660229944624007
2023-12-15,0.013117294315428296,0.0,-0.022544716850412705,1e-06,-5.0013150480491576e-05,-0.0013136371305605614,0.009014487266540527,0.0013477118918672204
2023-12-18,0.00517901704243684,0.0,0.013117294315428296,1e-06,0.0028380652212760156,-0.0022509731851749625,-0.002748240949586034,0.0010111563606187701
2023-12-19,0.0016371321952106666,0.0,0.00517901704243684,1e-06,0.001061280318916156,-0.0026409595833633017,-0.005466961767524481,0.000727680220734328
2023-12-20,-0.007073087038010795,0.0,0.0016371321952106666,1e-06,-0.0010157117249830479,-0.00021456152820214358,0.0004326258203946054,0.0005728735122829676
2023-12-21,0.007878696661994145,0.0,-0.007073087038010795,1e-06,-2.5634200187218438e-05,-0.0005976531332517233,-0.008614943362772465,0.0007715523242950439
2023-12-22,0.0027842393563017875,0.0,0.007878696661994145,1e-06,0.0028509036109649897,-0.001334284501451,-0.005050793290138245,0.0005066695157438517
2023-12-26,0.00021344983098425807,0.0,0.0027842393563017875,1e-06,0.001394343514979133,-0.003521491913655729,0.001137476647272706,0.00036945234751328826
2023-12-27,-0.0015747076901103663,0.0,0.00021344983098425807,1e-06,-0.0008039084852087613,-0.0013247602481147552,-0.000664044520817697,0.0003477150166872889
2023-12-28,0.0032349720631548173,0.0,-0.0015747076901103663,1e-06,1.2817226430525083e-05,-0.001924206061070563,0.0015386154409497976,0.0004218134272377938
2023-12-29,0.0020250683029474636,0.0,0.0032349720631548173,1e-06,0.0021469855018151273,-0.0028540205309189677,0.003989493474364281,0.0003482388274278492
2024-01-02,-0.013748723756499714,0.0,0.0020250683029474636,1e-06,0.0015599012621495827,-0.005403006847712337,0.002608114155009389,0.00030441523995250463
2024-01-03,-0.0007278723085313299,0.0,-0.013748723756499714,1e-06,-0.0005200174925964231,-0.003157695069058752,-0.005946781951934099,0.0008389020804315805
2024-01-04,-0.00717758095156551,0.0,-0.0007278723085313299,1e-06,0.0010592300804491525,-0.003643273246472477,0.004152257461100817,0.0009640339412726462
2024-01-05,-0.0005163666323154681,0.0,-0.00717758095156551,1e-06,0.0018180896826890626,-0.004392084456722341,0.0026906083803623915,0.0012371877674013376
2024-01-08,0.018871289251174206,0.0,-0.0005163666323154681,1e-06,0.0014318801562438685,-0.005369950156512455,0.001796326949261129,0.0012696476187556982
2024-01-09,0.002936025189320901,0.0,0.018871289251174206,1e-06,0.000734713194033388,-0.005577306882950393,0.002694208873435855,0.0006049411604180932
2024-01-10,0.018574002654978328,0.0,0.002936025189320901,1e-06,-0.001036504416009305,-0.0028562659790168287,0.0069732400588691235,0.00035803343052975833
2024-01-11,0.004859327638176758,0.0,0.018574002654978328,1e-06,0.0007722595253213792,-0.002828730317967584,0.004439381416887045,-0.00034016574500128627
2024-01-12,0.009983789980394508,0.0,0.004859327638176758,1e-06,0.0009516435093066081,-0.003038100265403037,0.005350138992071152,-0.0005552826332859695
2024-01-16,0.0046333824893443065,0.0,0.009983789980394508,1e-06,0.000795033401476148,-0.002059753484973616,-0.003705137874931097,-0.000855801219586283
2024-01-17,-0.0020497216737360713,0.0,0.0046333824893443065,1e-06,8.622877253416895e-05,0.0011347416122104476,0.002017013030126691,-0.0009078443399630487
2024-01-18,0.0112971433551321,0.0,-0.0020497216737360713,1e-06,0.00030636235824328846,0.001581392477888334,0.001147582079283893,-0.0006580136832781136
2024-01-19,0.012187029658354387,0.0,0.0112971433551321,1e-06,0.0017629814070887367,0.001724244814593933,0.004775024019181728,-0.0008325540111400187
2024-01-22,-0.005418023155864704,0.0,0.012187029658354387,1e-06,0.0008788764210082112,0.002945550057364195,0.001014883746393025,-0.0010628777090460062
2024-01-23,0.006027442316158593,0.0,-0.005418023155864704,1e-06,-0.0009509924272892731,0.0032407420017014797,0.0009589784895069897,-0.0006587524549104273
2024-01-24,0.009175225635133621,0.0,0.006027442316158593,1e-06,0.0010140613508708752,0.006318010613952917,0.00359500665217638,-0.0006285318522714078
2024-01-25,0.005738321207962471,0.0,0.009175225635133621,1e-06,0.002028353722680047,0.0065408970668686004,0.0020306005608290434,-0.000734961882699281
2024-01-26,-0.0023216669836347847,0.0,0.005738321207962471,1e-06,0.0003902201001057201,0.006354830010816357,0.0047868094407022,-0.000744276272598654
2024-01-29,0.014334268530776795,0.0,-0.0023216669836347847,1e-06,-0.0006760919578338834,0.006010038294524155,0.0014693003613501787,-0.00045574334217235446
2024-01-30,-0.002758123628540776,0.0,0.014334268530776795,1e-06,0.0014186127459372543,0.005619258151172701,0.0012135830475017428,-0.0007330516236834228
2024-01-31,-0.026946208318133658,0.0,-0.002758123628540776,1e-06,0.000948104017590868,0.007948562409640562,-0.0004285505856387317,-0.00045237812446430326
2024-02-01,0.015594227081111578,0.0,-0.026946208318133658,1e-06,-4.7269644622200194e-05,0.007376193868323455,0.002269444288685918,0.0007706856122240424
2024-02-02,0.01842584523220747,0.0,0.015594227081111578,1e-06,0.003079761636032318,0.006363652625560964,0.007855106145143509,0.0005422557005658746
2024-02-05,-0.013544901829591005,0.0,0.01842584523220747,1e-06,0.0012529269218494589,0.0035254486879237623,0.0034630245063453913,-4.564977280097082e-05
2024-02-06,-0.0003945855046081359,0.0,-0.013544901829591005,1e-06,-0.00258451373939584,0.0023579828212205592,-0.0018489377107471228,0.00046507237129844725
2024-02-07,0.02111033313707522,0.0,-0.0003945855046081359,1e-06,0.0008523325139944518,0.003966575724483242,0.006893674377351999,0.0005539908306673169
2024-02-08,0.00014486434483473865,0.0,0.02111033313707522,1e-06,0.004062712027098146,0.002745357439719359,-0.0007811249233782291,-0.00010291295620845631
2024-02-09,0.015551504248650927,0.0,0.00014486434483473865,1e-06,-0.00013069168674246373,0.0011702560128523506,-0.004111923277378082,-0.00012020400754408911
2024-02-12,-0.012578843397394346,0.0,0.015551504248650927,1e-06,-0.0014670158090188982,-0.0027226000033361225,-0.003294822759926319,-0.0006142268539406359
2024-02-13,-0.021528636423298497,0.0,-0.012578843397394346,1e-06,-0.00042864457675248794,-0.004003764125300143,-7.247891335282475e-05,-5.92690848861821e-05
2024-02-14,0.00966530158720924,0.0,-0.021528636423298497,1e-06,0.0027984135782990003,-0.0023830147867162288,0.0005771073629148304,0.0008947352762334049
2024-02-15,-0.007155202851828468,0.0,0.00966530158720924,1e-06,0.004171297630659756,-0.003466203683509495,0.004564635455608368,0.0007830397807992995
2024-02-16,-0.0061491333836525275,0.0,-0.007155202851828468,1e-06,-0.0009016939270794246,-0.004780180447949288,0.0007352432003244758,0.001056460663676262
2024-02-20,-0.0031428905847543653,0.0,-0.0061491333836525275,1e-06,-0.0016939297686421207,-0.007826682605710303,-0.006112407892942429,0.0012936651473864913
2024-02-21,-0.0015146852072914774,0.0,-0.0031428905847543653,1e-06,0.002057569437825347,-0.005460677666291067,-0.012979249469935894,0.0013975630281493068
2024-02-22,0.02354663002702795,0.0,-0.0015146852072914774,1e-06,0.0032695920064308654,-0.005742820666939673,-0.0036077566910535097,0.0013988440623506904
2024-02-23,-0.0031822542686412714,0.0,0.02354663002702795,1e-06,0.0011352335451453094,-0.006217079081462043,0.0029692561365664005,0.0005514523945748806
2024-02-26,-0.006823599051955065,0.0,-0.0031822542686412714,1e-06,-0.002893711608244104,-0.006083884173866622,-0.0020291961263865232,0.0004912816220894456
2024-02-27,-0.0001472115189508072,0.0,-0.006823599051955065,1e-06,-9.65015664933824e-05,-0.005876080711919124,0.00041329165105707943,0.0006629939307458699
2024-02-28,0.0005890089811486643,0.0,-0.0001472115189508072,1e-06,0.004064208975859317,-0.0027435927252932096,-0.0003290634776931256,0.0006675317417830229
2024-02-29,0.014519751678818471,0.0,0.0005890089811486643,1e-06,0.002278201662831849,-0.0023233596754001435,-0.005818109959363937,0.0006429575150832534
2024-03-01,0.004496708097069924,0.0,0.014519751678818471,1e-06,-0.0010195914240616584,-0.002172753806795299,0.003922079689800739,0.00014486901636701077
2024-03-04,-0.0013960066243612346,0.0,0.004496708097069924,1e-06,-0.00168156285015545,-0.0007331682408038703,-0.006471637170761824,-5.9165591665077955e-05
2024-03-05,-0.029571916001266296,0.0,-0.0013960066243612346,1e-06,0.0013624422297291374,-0.0003019747129791933,-0.0035464654210954905,2.5579861357982736e-06
2024-03-06,-0.0013907375628937624,0.0,-0.029571916001266296,1e-06,0.0022635185125279038,0.0029427976412740673,0.0030251452699303627,0.0011700504692271352
2024-03-07,0.0175333483466924,0.0,-0.0013907375628937624,1e-06,0.003022320646215073,0.003364998715981329,-0.005940172355622053,0.0014354842714965343
2024-03-08,-0.007136808035643094,0.0,0.0175333483466924,1e-06,0.0007612698937869439,0.0034105266610979824,0.0024629957042634487,0.0008923437562771142
2024-03-11,-0.004185004632890177,0.0,-0.007136808035643094,1e-06,-0.0024114696813471296,0.00395931675588851,-0.0023856759071350098,0.001016582828015089
2024-03-12,0.026599402873524358,0.0,-0.004185004632890177,1e-06,0.0006711375817547846,0.003933735804264951,-0.004891582764685154,0.0011038183001801372
2024-03-13,-0.0004333285675914844,0.0,0.026599402873524358,1e-06,0.004326737388358488,0.006661715786980296,0.000998750445432961,0.00020765337103512138
2024-03-14,0.024379632014503327,0.0,-0.0004333285675914844,1e-06,-0.0003790973950787255,0.006520698905037274,-0.0010087620466947556,8.757440809858963e-05
2024-03-15,-0.020695343321365023,0.0,0.024379632014503327,1e-06,-0.0014541365333388687,0.005970775189379268,0.00782522652298212,-0.0007555940537713468
2024-03-18,0.0021613081764608744,0.0,-0.020695343321365023,1e-06,-0.0007332965351299842,0.004812849025731704,0.008297997526824474,0.000733976427000016
2024-03-19,0.009800715340380517,0.0,0.0021613081764608744,1e-06,0.0033395612910971494,0.004249068937622757,0.010171796195209026,0.0009184140944853425
2024-03-20,0.009064650508436412,0.0,0.009800715340380517,1e-06,0.0026857939152758856,0.006543795120142585,0.00396663649007678,0.0005123004666529596
2024-03-21,0.00973597891167155,0.0,0.009064650508436412,1e-06,-0.0007036965023944205,0.006079255991055894,0.003190231043845415,0.0001650614576647058
2024-03-22,-0.001467133561226297,0.0,0.00973597891167155,1e-06,-0.0014009622838131123,0.005159654646494441,-0.0009424454183317721,-0.00016867693921085447
2024-03-25,-0.013714742056668783,0.0,-0.001467133561226297,1e-06,0.0005058707220794064,0.003161771964969926,0.0019774525426328182,0.0002386349515290931
2024-03-26,-0.002861429204760624,0.0,-0.013714742056668783,1e-06,0.0026477912222134838,0.0024426017663855665,-0.002373745897784829,0.001381285605020821
2024-03-27,-0.000521859936504887,0.0,-0.002861429204760624,1e-06,0.0031373604605534292,0.004632479906394914,0.008417652919888496,0.0017515610670670867
2024-03-28,-0.0016845881041347432,0.0,-0.000521859936504887,1e-06,0.0010369314014662696,0.004111599452711944,0.0002602245658636093,0.0018632130231708288
2024-04-01,0.009151038262207534,0.0,-0.0016845881041347432,1e-06,-0.0001725686117528579,0.0013746918364241456,0.005427142605185509,0.0019941511563956738
2024-04-02,-0.007372229727209412,0.0,0.009151038262207534,1e-06,0.0007182406607242719,0.0007751292343280859,0.0071257054805755615,0.0013971818843856454
2024-04-03,-0.002349171364837477,0.0,-0.007372229727209412,1e-06,0.0010033210276359904,0.003101786301858117,0.008898857980966568,0.0019056327873840928
2024-04-04,-0.006112316126074213,0.0,-0.002349171364837477,1e-06,0.0019019592988694,0.002728228652323788,0.004815981257706881,0.002044274006038904
2024-04-05,0.018282593392426882,0.0,-0.006112316126074213,1e-06,0.0016408934532924475,0.0019489556017438746,-0.0008572215447202325,0.0023954061325639486
2024-04-08,-0.00218550985365884,0.0,0.018282593392426882,1e-06,0.0010951389260976776,0.000562701575523563,0.006129875313490629,0.0010818875161930919
2024-04-09,0.003980170310420528,0.0,-0.00218550985365884,1e-06,-0.0008116109601038362,7.543432557480505e-05,0.004857861436903477,0.001283202669583261
2024-04-10,-0.007084343535225135,0.0,0.003980170310420528,1e-06,0.0005521506338195526,0.00249444176398518,0.0050709121860563755,0.0010964102111756802
2024-04-11,0.011033217111057203,0.0,-0.007084343535225135,1e-06,0.001777920305664722,0.0021910613614337868,0.0005966859171167016,0.0016454316210001707
2024-04-12,-0.014091052276502869,0.0,0.011033217111057203,1e-06,0.0021260780032780835,0.0014585846675366412,0.0027883746661245823,0.0009719091467559338
2024-04-15,-0.019578025270259092,0.0,-0.014091052276502869,1e-06,0.00017570396273769093,7.553285191531944e-05,0.0011856636265292764,0.0019653793424367905
2024-04-16,0.0022726025495760638,0.0,-0.019578025270259092,1e-06,0.0014681906299625356,-0.00045064333365756547,0.014640630222856998,0.003195163793861866
2024-04-17,-0.006609174976291432,0.0,0.0022726025495760638,1e-06,0.003389194845997195,0.001914398937600037,0.009340785443782806,0.0028239197563380003
2024-04-18,-0.018380923096689705,0.0,-0.006609174976291432,1e-06,0.0014744153809285532,0.001545937793131017,0.00868084467947483,0.00310382223688066
2024-04-19,-0.012739012510494585,0.0,-0.018380923096689705,1e-06,0.00048500503565148106,0.0007416554073382812,0.010071317665278912,0.004080895334482193
2024-04-22,0.004610114896919537,0.0,-0.012739012510494585,1e-06,0.0022801647012144757,-0.0008499904088040428,0.010205288417637348,0.004488583188503981
2024-04-23,0.01648549520843967,0.0,0.004610114896919537,1e-06,0.0028753504710187583,-0.0014278056583016765,0.008637121878564358,0.0036196361761540174
2024-04-24,0.003655635759096887,0.0,0.01648549520843967,1e-06,0.000391245289924241,0.0009017168642506672,-0.0020287760999053717,0.0020819338969886303
2024-04-25,-0.02449502464146147,0.0,0.003655635759096887,1e-06,-0.0017179214501368638,0.000517455645254108,-0.007543237879872322,0.0017229670193046331
2024-04-26,0.018243770996188458,0.0,-0.02449502464146147,1e-06,0.00043847664911047385,-0.000279960966840666,0.0025802224408835173,0.003308840561658144
2024-04-29,-0.010016747822607308,0.0,0.018243770996188458,1e-06,0.004485146828018351,-0.0016973755418344082,-0.006921945605427027,0.0016227428568527102
2024-04-30,-0.0321194384272504,0.0,-0.010016747822607308,1e-06,0.0011664803541017506,-0.0021643879998662,0.00810416042804718,0.0023006140254437923
2024-05-01,0.014409665296038154,0.0,-0.0321194384272504,1e-06,0.00011098199990018133,0.0003007950874958764,0.008380181156098843,0.0042721605859696865
2024-05-02,0.007342694759384205,0.0,0.014409665296038154,1e-06,0.003263781977315418,7.482521117210838e-05,-0.01014040969312191,0.002694426104426384
2024-05-03,0.022169743759661742,0.0,0.007342694759384205,1e-06,0.0011215631819976248,-0.0005447039409930349,0.008198377676308155,0.0020422833040356636
2024-05-06,0.01691838540093693,0.0,0.022169743759661742,1e-06,-0.0011004749819859046,-0.0013513318569527651,0.003944805357605219,0.00040042350883595645
2024-05-07,-0.01015642036249087,0.0,0.01691838540093693,1e-06,-0.0017397469401104213,-0.0016050317269707829,0.0037002568133175373,-0.0005898454692214727
2024-05-08,0.0029315873683815052,0.0,-0.01015642036249087,1e-06,0.00010574619244746843,0.0010695768364052366,-0.001085983356460929,0.00037579602212645113
2024-05-09,0.004335815498577533,0.0,0.0029315873683815052,1e-06,0.0033079772223547645,0.0010437773535607285,0.0018442458240315318,0.00047198348329402506
2024-05-10,0.005869224982288257,0.0,0.004335815498577533,1e-06,0.0021381934192826043,0.0006099415770711775,0.0008349836571142077,0.00044371376861818135
2024-05-13,-0.002459524429548887,0.0,0.005869224982288257,1e-06,-0.00038033040139471815,0.0002267576194054221,0.004273101221770048,0.0003234952164348215
2024-05-14,0.0068647529063494694,0.0,-0.002459524429548887,1e-06,-0.0005715202205278354,5.6862812728138666e-05,0.0019013903802260756,0.0007332082604989409
2024-05-15,0.017483840552765306,0.0,0.0068647529063494694,1e-06,0.001546775105229939,0.0027820145442145404,0.005508285015821457,0.0005426228744909167
2024-05-16,-0.004939783046059132,0.0,0.017483840552765306,1e-06,0.0015057978280453698,0.002772014627592388,0.0024836824741214514,-0.00032383433426730335
2024-05-17,-0.001852806714281674,0.0,-0.004939783046059132,1e-06,-0.0005206397537522171,0.0023186805702701267,0.0041189854964613914,0.0002655063581187278
2024-05-20,0.012208114651146573,0.0,-0.001852806714281674,1e-06,0.0006821100157910859,0.0016738242535393225,0.006389351561665535,0.0007183612906374037
2024-05-21,0.008698946814254649,0.0,0.012208114651146573,1e-06,0.0019634484936050063,0.0013563895503391856,0.00708021130412817,0.00022951945720706135
2024-05-22,0.0034495421911464597,0.0,0.008698946814254649,1e-06,0.0004969350793346439,0.0039096068685532115,0.0023820498026907444,-5.258746386971325e-05
2024-05-23,-0.0081761088250899,0.0,0.0034495421911464597,1e-06,-0.00045537816816707986,0.003707776799110979,0.0026622710283845663,5.164045433048159e-05
2024-05-24,0.007400414287886958,0.0,-0.0081761088250899,1e-06,0.0006765005775760473,0.003047741758471536,0.005641415249556303,0.0008691810653544962
2024-05-28,0.0003720440494965338,0.0,0.007400414287886958,1e-06,0.002499120385475442,0.00122068608756968,0.009364290162920952,0.0006947721121832728
2024-05-29,-0.0026723472744780707,0.0,0.0003720440494965338,1e-06,0.0011647766369993335,0.003576286332777212,0.0017973888898268342,0.0008794060559011996
2024-05-30,-0.033786254592030995,0.0,-0.0026723472744780707,1e-06,0.00020013519491897868,0.0031947690922163653,0.0018765091663226485,0.0012434676755219698
2024-05-31,0.0011092367600420427,0.0,-0.033786254592030995,1e-06,0.0012330804810050978,0.0023774521215687195,-0.015173782594501972,0.003386135445907712
2024-06-03,-0.0038783630188405915,0.0,0.0011092367600420427,1e-06,0.004506535478809675,0.0007753941895752714,-0.011653070338070393,0.003136520041152835
2024-06-04,0.00616660538740299,0.0,-0.0038783630188405915,1e-06,0.0020763985869304983,0.00021013710383961247,-0.014083059504628181,0.0032165665179491043
2024-06-05,0.019083455643597036,0.0,0.00616660538740299,1e-06,-0.00045224327784197963,0.0025618117992694447,-0.005494233686476946,0.0025656952057033777
2024-06-06,0.0012027208159084424,0.0,0.019083455643597036,1e-06,-0.0007751600181323173,0.002209241904255221,-0.00046233850298449397,0.001115384977310896
2024-06-07,-0.0015781898744815503,0.0,0.0012027208159084424,1e-06,-0.0002510264233890104,0.001452367079592315,0.0035228142514824867,0.001072910614311695
2024-06-10,0.009484326365786666,0.0,-0.0015781898744815503,1e-06,0.0016666112754772076,0.00019451252841761087,-0.0008838464273139834,0.0012532385298982263
2024-06-11,0.01124185080461415,0.0,0.009484326365786666,1e-06,0.002133945609425401,-0.0002139205725860021,-0.004076404497027397,0.0007077957270666957
2024-06-12,0.01936758091932278,0.0,0.01124185080461415,1e-06,0.00015249830187076454,0.0023081560531661625,0.0005014321650378406,0.000131908236653544
2024-06-13,0.0011790681770151856,0.0,0.01936758091932278,1e-06,-0.001036136032872277,0.00213453987624345,-0.0027397535741329193,-0.0008604254107922316
2024-06-14,0.0022419223617329287,0.0,0.0011790681770151856,1e-06,-0.0007391571048106626,0.001559980359886061,0.0009002388105727732,-0.00057467061560601
2024-06-17,0.01310528803281863,0.0,0.0022419223617329287,1e-06,0.0016294691559736387,0.0008179820118007044,0.0042251041159033775,-0.00025586396805010736
2024-06-18,-0.0045273850521353465,0.0,0.01310528803281863,1e-06,0.00206835851382928,0.0005552646546311716,-0.001853742403909564,-0.000634689349681139
2024-06-20,-0.0014339512259352594,0.0,-0.0045273850521353465,1e-06,-1.2660768521861225e-05,0.003131935582967856,0.005335909780114889,2.4426801246590912e-05
2024-06-21,0.009154079436523022,0.0,-0.0014339512259352594,1e-06,0.00046827845164057946,0.002634079426247293,0.0029110140167176723,0.0005345675745047629
2024-06-24,-0.00469113425933898,0.0,0.009154079436523022,1e-06,0.0015670839850562813,0.0019537916005470195,-0.0019835536368191242,0.0003046308702323586
2024-06-25,0.007326820972865855,0.0,-0.00469113425933898,1e-06,0.0008719574772422325,0.0016549983748636965,0.007666985969990492,0.0008487529121339321
2024-06-26,0.0026831689865121078,0.0,0.007326820972865855,1e-06,0.0010173537177922557,0.0042401376385463934,0.007193680386990309,0.0006657757330685854
2024-06-27,0.0015260711650564307,0.0,0.0026831689865121078,1e-06,0.0005224766686785414,0.004081909690998877,0.004381595179438591,0.0007127426215447485
2024-06-28,-0.013028605160296913,0.0,0.0015260711650564307,1e-06,0.0006664182882548294,0.0034753173716272094,-0.008128964342176914,0.000838756503071636
2024-07-01,0.021881604976526914,0.0,-0.013028605160296913,1e-06,0.0012503430132883705,0.002374542007491854,0.0018262059893459082,0.001816226402297616
2024-07-02,0.0055831987970598185,0.0,0.021881604976526914,1e-06,0.0022811079303605274,0.001917742391477887,0.0009863678133115172,0.0005437335348688066
2024-07-03,0.0032442162054906465,0.0,0.0055831987970598185,1e-06,-0.0005377679475626195,0.004343171881300592,-0.0018976690480485559,0.00033050161437131464
2024-07-05,0.014736057069745234,0.0,0.0032442162054906465,1e-06,-0.0007406705758282906,0.00327090035102246,-0.002661460544914007,0.0003772071504499763
2024-07-08,-0.002823133385030707,0.0,0.014736057069745234,1e-06,0.0010336139653246848,0.0017956246781256607,-0.002123382408171892,-0.00026670200168155134
2024-07-09,-0.014370238339405983,0.0,-0.002823133385030707,1e-06,0.0009502205018149283,0.0012491471988749952,-1.6803460312075913e-06,0.0002009963645832613
2024-07-10,0.014601540065147134,0.0,-0.014370238339405983,1e-06,0.0014104503262452415,0.0036058327077226867,-0.00338716059923172,0.0013959772186353803
2024-07-11,-0.024771953786037804,0.0,0.014601540065147134,1e-06,0.002338346241172686,0.0032437313766401996,0.0038752597756683826,0.0007084751850925386
2024-07-12,-0.002529266328703983,0.0,-0.024771953786037804,1e-06,0.0002694803674969659,0.002462324783909298,0.004804691299796104,0.002333555370569229
2024-07-15,0.0009039108462056689,0.0,-0.002529266328703983,1e-06,0.002120477478640289,0.0010410664443528186,0.004788622260093689,0.002516336040571332
2024-07-16,-0.00978061071204217,0.0,0.0009039108462056689,1e-06,0.0021233797530762683,0.0005498334615378676,0.0004740356234833598,0.0023950927425175905
2024-07-17,-0.013347505209812649,0.0,-0.00978061071204217,1e-06,0.0007811639427383978,0.002976459019131238,-0.0031637251377105713,0.0029316209256649017
2024-07-18,-0.007102333483082202,0.0,-0.013347505209812649,1e-06,0.0012564993289482101,0.002696025779037173,-0.0018185288645327091,0.0036027287133038044
2024-07-19,-0.007402807097713238,0.0,-0.007102333483082202,1e-06,0.002497631859323644,0.0020047753324668946,0.0015304916305467486,0.003743888344615698
2024-07-22,0.013337561694227285,0.0,-0.007402807097713238,1e-06,0.0021013604857179776,0.0008706891985763339,0.013570957817137241,0.003884743433445692
2024-07-23,0.004312131744830694,0.0,0.013337561694227285,1e-06,0.0010365047674754622,0.00046949361253345427,7.560028461739421e-05,0.002516414038836956
2024-07-24,-0.035854723435217006,0.0,0.004312131744830694,1e-06,-0.0007566880920037104,0.0029781270036550993,-0.009650773368775845,0.002054498763754964
2024-07-25,-0.02448127055352123,0.0,-0.035854723435217006,1e-06,0.0004127743457085411,0.002769021975616063,0.007481062319129705,0.004324042238295078
2024-07-26,0.016419617721143975,0.0,-0.02448127055352123,1e-06,0.005222825527571268,0.0021361880127729292,0.010140365920960903,0.005376025568693876
2024-07-29,0.003433182464369411,0.0,0.016419617721143975,1e-06,0.004814825339505653,0.0010849611313697625,0.00593555998057127,0.0034054089337587357
2024-07-30,-0.00892840669399142,0.0,0.003433182464369411,1e-06,-0.0016536023437713227,0.0006782990627094337,0.010261553339660168,0.0029224057216197252
2024-07-31,-0.010805845489448407,0.0,-0.00892840669399142,1e-06,-0.002403044655442747,0.003165144160139956,-0.0007993687177076936,0.0032919663935899734
2024-08-01,-0.0029640527471576084,0.0,-0.010805845489448407,1e-06,0.0024153049346153557,0.0029188457608448235,0.001165754976682365,0.0036776408087462187
2024-08-02,-0.020665956124016116,0.0,-0.0029640527471576084,1e-06,0.004616662999465199,0.0022347974165205964,-0.00103950675111264,0.0034368480555713177
2024-08-05,-0.03265688507608688,0.0,-0.020665956124016116,1e-06,0.0018753726820184453,0.0009653198159644026,0.005910011474043131,0.004547229502350092
2024-08-06,0.011286929620186958,0.0,-0.03265688507608688,1e-06,0.001177909300768963,0.0004722255990700576,0.004454299341887236,0.006212062202394009
2024-08-07,-0.0029528811146544154,0.0,0.011286929620186958,1e-06,0.0032623164595214356,0.002870092323860597,0.0052491240203380585,0.004266373813152313
2024-08-08,0.010691978713134986,0.0,-0.0029528811146544154,1e-06,0.0008155130765716884,0.0025348738061481972,0.01589536853134632,0.004105566535145044
2024-08-09,0.008269302711531923,0.0,0.010691978713134986,1e-06,-0.0008938303969222027,0.00045759813314054235,-0.0010675123194232583,0.0009475679253228009
2024-08-12,0.0019457792766988113,0.0,0.008269302711531923,1e-06,-0.0007429863492934373,-0.0006475166841499345,0.004733177833259106,0.00033241783967241645
2024-08-13,0.017698667984344718,0.0,0.0019457792766988113,1e-06,0.000211564061336618,-0.0011218962126523465,0.008172445930540562,0.0002687835949473083
2024-08-14,0.00688390426922747,0.0,0.017698667984344718,1e-06,0.0006507247370608993,0.0012263362960518204,0.0063704862259328365,-0.0007148559670895338
2024-08-15,0.01182378346496571,0.0,0.00688390426922747,1e-06,-0.0008291428202386746,0.00024124608234840238,-0.0025812634266912937,-0.000829359982162714
2024-08-16,-0.006080326718074236,0.0,0.01182378346496571,1e-06,-0.0009120996515938679,0.0004487824256736493,-0.005596749484539032,-0.0011327924439683557
2024-08-19,0.007312309850996623,0.0,-0.006080326718074236,1e-06,5.082662306931415e-06,-0.0007659949821059185,-0.003064603079110384,-0.0002973678056150675
2024-08-20,0.007757485289926036,0.0,0.007312309850996623,1e-06,0.001636838711583737,-0.0012784840969257557,-0.006864524446427822,-0.0004088676068931818
2024-08-21,-0.0015535533791516398,0.0,0.007757485289926036,1e-06,0.0005866016344946069,0.0010291893582205663,-0.008332271128892899,-0.000538452179171145
2024-08-22,-0.020252932591432016,0.0,-0.0015535533791516398,1e-06,-0.0006465062928948958,6.074140931888999e-08,-0.007020432036370039,-8.493288623867556e-05
2024-08-23,0.002984166005347122,0.0,-0.020252932591432016,1e-06,0.0007804406663525046,0.0001591244860878403,-0.010887803509831429,0.0014797389740124345
2024-08-26,-0.007917791858471412,0.0,0.002984166005347122,1e-06,0.0031399459647592155,-0.0012347526436048079,0.0016408130759373307,0.001070331665687263
2024-08-27,0.00084647589680098,0.0,-0.007917791858471412,1e-06,0.0015289749706789368,-0.0018193045084104681,-0.013807825744152069,0.0015135834692046046
2024-08-28,-0.007829111623794072,0.0,0.00084647589680098,1e-06,0.00012045015582648315,0.00041033019406798736,-0.005516522563993931,0.0012353016063570976
2024-08-29,0.00613741772096188,0.0,-0.007829111623794072,1e-06,-1.1679830953310725e-05,-0.0007021590670517957,-0.009452316910028458,0.0016089515993371606
2024-08-30,0.00973090735221116,0.0,0.00613741772096188,1e-06,0.0011791895500134568,-0.0006307488059104145,-0.006495471112430096,0.0009502314496785402
2024-09-03,-0.018459148196565245,0.0,0.00973090735221116,1e-06,0.0004548862149903252,-0.002969617559046044,-0.007712874095886946,0.00028603983810171485
2024-09-04,-0.0013189247374071345,0.0,-0.018459148196565245,1e-06,-0.00014595113185991205,-0.0008215907233295669,-0.008070340380072594,0.0015928834909573197
2024-09-05,-0.001247191133668113,0.0,-0.0013189247374071345,1e-06,0.002034976035601705,-0.0020071195228831924,0.0062404051423072815,0.0013722876319661736
2024-09-06,-0.016381471850425378,0.0,-0.001247191133668113,1e-06,0.001830770392343136,-0.0019973960539544228,0.011569724418222904,0.00125582714099437
2024-09-09,0.010007550106688967,0.0,-0.016381471850425378,1e-06,0.0008012322062383039,-0.003754105493714978,0.012038455344736576,0.0021900266874581575
2024-09-10,0.020901166076213284,0.0,0.010007550106688967,1e-06,0.001109412692918135,-0.004416177362050938,0.0026050580199807882,0.0010412951232865453
2024-09-11,0.021342329999076037,0.0,0.020901166076213284,1e-06,-0.00070247565259755,-0.0022349244699253474,0.0008667129441164434,-0.00028730614576488733
2024-09-12,0.00936083128722398,0.0,0.021342329999076037,1e-06,-0.002604985162608828,-0.003362552221930045,-0.00018787979206535965,-0.0012898353161290288
2024-09-13,0.00840736930295738,0.0,0.00936083128722398,1e-06,-0.0020129813713312193,-0.0032693667395398513,0.003171880729496479,-0.0014272505650296807
2024-09-16,0.0017417706921769582,0.0,0.00840736930295738,1e-06,0.0004638240787519192,-0.004622036209419379,0.002693935763090849,-0.001363706891424954
2024-09-17,0.008832945244505286,0.0,0.0017417706921769582,1e-06,0.0013964995465912088,-0.005101162179307,0.0009034796967171133,-0.0009114777203649282
2024-09-18,-0.00997349696626193,0.0,0.008832945244505286,1e-06,0.0006586305135279738,-0.002715846305413135,-0.0010029785335063934,-0.0009142664493992925
2024-09-19,0.018291138326827827,0.0,-0.00997349696626193,1e-06,-0.00033997666977221227,-0.0036209868297235005,0.0021039119455963373,0.00014632988313678652
2024-09-20,-0.0077959758173248295,0.0,0.018291138326827827,1e-06,0.0005767855101870433,-0.003290111285490685,-0.0014079022221267223,-0.0006214103195816278
2024-09-23,-0.004043347413963727,0.0,-0.0077959758173248295,1e-06,-0.00018598582831050846,-0.003877156681616975,-0.001098357024602592,0.00017795893654692918
2024-09-24,-0.010011297102665795,0.0,-0.004043347413963727,1e-06,0.0010921418168873607,-0.004097971830782751,0.006563655100762844,0.0006504324846901
2024-09-25,0.006850339719663534,0.0,-0.010011297102665795,1e-06,0.0019275705333042003,-0.001460403568592522,0.0029479104559868574,0.001348319579847157
2024-09-26,-0.001851358039684281,0.0,0.006850339719663534,1e-06,0.0015656975706019667,-0.0021239204053136096,0.005740925669670105,0.0007789382943883538
2024-09-27,-0.007627925942330083,0.0,-0.001851358039684281,1e-06,-0.00032833150616400314,-0.0015664592549176942,-0.0003270023444201797,0.0008984007872641087
2024-09-30,0.005326879698962728,0.0,-0.007627925942330083,1e-06,6.13733648416792e-06,-0.0016032757533219742,0.001677852589637041,0.0013487986288964748
2024-10-01,-0.022333258814114743,0.0,0.005326879698962728,1e-06,0.0014657538535487037,-0.0016946346592458762,0.008076177909970284,0.0008382022497244179
2024-10-02,-0.008462277348168734,0.0,-0.022333258814114743,1e-06,0.0014800487678691132,0.0010414943502815223,-0.0013442618073895574,0.002279746811836958
2024-10-03,-0.0014145536879127674,0.0,-0.008462277348168734,1e-06,0.0026200319726780346,0.0004443166998463007,-0.0020956574007868767,0.00229468010365963
2024-10-04,-0.0011523364581784712,0.0,-0.0014145536879127674,1e-06,0.0017017931601696398,0.0010353150420451516,0.00347195309586823,0.0018942044116556644
2024-10-07,-0.01567075820307151,0.0,-0.0011523364581784712,1e-06,1.2559676759495977e-06,0.0009079033092411401,-0.0051550306379795074,0.0016172835603356361
2024-10-08,0.01262392262424683,0.0,-0.01567075820307151,1e-06,0.00021238478713070028,0.0007281592529902461,0.0008385382243432105,0.002404405502602458
2024-10-09,0.006631166842285596,0.0,0.01262392262424683,1e-06,0.001853896749219164,0.003351266077996799,0.0025993722956627607,0.0010079449275508523
2024-10-10,-0.0038806105774636945,0.0,0.006631166842285596,1e-06,0.0001202459978919293,0.002619962856090919,-0.0010549274738878012,0.0004935972392559052
2024-10-11,0.0011543505189741676,0.0,-0.0038806105774636945,1e-06,-0.0008159698514074624,0.003059707763223591,-0.009147017262876034,0.0007705878815613687
2024-10-14,0.006773636714567655,0.0,0.0011543505189741676,1e-06,0.0006321023560883324,0.0024197278282418275,-0.008550337515771389,0.0006468790234066546
2024-10-15,-0.000954434165746032,0.0,0.006773636714567655,1e-06,0.001228320937950497,0.002064697698824412,0.0005174888065084815,0.00021597616432700306
2024-10-16,-0.006256854842016879,0.0,-0.000954434165746032,1e-06,0.0003075856686457657,0.00451769358202982,-0.006214861758053303,0.000385847786674276
2024-10-17,0.0014418557235633678,0.0,-0.006256854842016879,1e-06,0.00036545473714623053,0.0036255020418517617,-0.0019692659843713045,0.0008684720378369093
2024-10-18,0.0034556644950056725,0.0,0.0014418557235633678,1e-06,0.0012101465516688378,0.003917204011640982,0.0028098789043724537,0.0007169123273342848
2024-10-21,0.001482621759488767,0.0,0.0034556644950056725,1e-06,0.0008087266564998642,0.002937943612735695,0.0065637389197945595,0.0004897941253148019
2024-10-22,0.020846260069554923,0.0,0.001482621759488767,1e-06,4.586414815734279e-07,0.002510675585600113,-0.002940362086519599,0.0004497748741414398
2024-10-23,-0.006806807618228161,0.0,0.020846260069554923,1e-06,-0.00043194042083670285,0.004912963736372029,-0.0007636462687514722,-0.0006761298282071948
2024-10-24,0.0003061349115640599,0.0,-0.006806807618228161,1e-06,-0.0010644433950210584,0.003991102866408367,0.0057887849397957325,2.9193128284532577e-05
2024-10-25,0.008052140507378569,0.0,0.0003061349115640599,1e-06,0.0011423068265546182,0.004272928137693931,0.002332912990823388,0.00022625226119998842
2024-10-28,-0.0036435930345497525,0.0,0.008052140507378569,1e-06,0.0016340236278632558,0.003360049058533617,0.00391790084540844,-0.00010289815691066906
2024-10-29,0.012564787377578712,0.0,-0.0036435930345497525,1e-06,0.00012494054482023833,0.002976438822228888,0.004804021678864956,0.00034552474971860647
2024-10-30,0.001342740708209167,0.0,0.012564787377578712,1e-06,-0.00022347953088208098,0.005426821292830745,0.006264329422265291,-0.00026065343990921974
2024-10-31,-0.060527442667922315,0.0,0.001342740708209167,1e-06,-0.000551457019179272,0.004553291375610091,0.0031235436908900738,-9.348981984658167e-05
2024-11-01,0.00989287578471898,0.0,-0.060527442667922315,1e-06,0.002128635352329711,0.004879403164449947,0.002394450828433037,0.004053310491144657
2024-11-04,-0.004654369169362127,0.0,0.00989287578471898,1e-06,0.006950936269205216,0.004034031153024466,0.007221765350550413,0.0019122193334624171
2024-11-05,0.007344476515060094,0.0,-0.004654369169362127,1e-06,0.0016141231112535596,0.0036389738116583887,0.0015102538745850325,0.001966745825484395
2024-11-06,0.021192985548538212,0.0,0.007344476515060094,1e-06,-0.0026342987581025753,0.00605605650241304,0.006407204549759626,0.00113389128819108
2024-11-07,0.012494682381412492,0.0,0.021192985548538212,1e-06,-0.0025457402590913225,0.005125397254664799,0.012864894233644009,-0.00022255895601119846
2024-11-08,-0.0067931761755107845,0.0,0.012494682381412492,1e-06,-0.0008735589059469131,0.005369325079275241,0.008282046765089035,-0.0007673990912735462
2024-11-11,-0.010720972925711725,0.0,-0.0067931761755107845,1e-06,0.0010343507666659931,0.004127111526082836,0.007065474521368742,5.322342076397035e-06
2024-11-12,0.012009424619586984,0.0,-0.010720972925711725,1e-06,0.0025817056296642956,0.003553892977897528,0.00969755556434393,0.0009219725034199655
2024-11-13,0.00512962033919484,0.0,0.012009424619586984,1e-06,0.0018004006916205548,0.005774017380758514,0.006840010639280081,0.00014214067778084427
2024-11-14,0.003974720310194302,0.0,0.00512962033919484,1e-06,-0.0012619191410025488,0.0046311992020359105,0.003390482859686017,-1.1086397535109427e-05
2024-11-15,-0.027852707020219247,0.0,0.003974720310194302,1e-06,-0.0014392203479043075,0.004651985890353825,0.012632785364985466,-4.2227380617987365e-05
2024-11-18,0.0018314335552864769,0.0,-0.027852707020219247,1e-06,0.001303620790380598,0.002723484817350807,0.0062904092483222485,0.0020021535456180573
2024-11-19,0.004882560165179628,0.0,0.0018314335552864769,1e-06,0.004533429337802893,0.001933536156235508,0.003783561522141099,0.0014311067061498761
2024-11-20,-0.00550530397260085,0.0,0.004882560165179628,1e-06,0.0015538875185079513,0.00395189605629622,-0.0016434037825092673,0.0009448498603887856
2024-11-21,-0.004316711024547559,0.0,-0.00550530397260085,1e-06,-0.00166410596175027,0.002627389885459679,0.00170100515242666,0.0012495522387325764
2024-11-22,0.01000305677211899,0.0,-0.004316711024547559,1e-06,-0.000317008452127817,0.0024912847792911523,0.008902990259230137,0.001372197293676436
2024-11-25,0.0042927099611620445,0.0,0.01000305677211899,1e-06,0.0017393151639712267,0.0002792420636173286,0.002514909254387021,0.0005529735353775322
2024-11-26,0.02196795670499374,0.0,0.0042927099611620445,1e-06,0.0006854265075957805,-0.0005338482308418228,-0.0022769300267100334,0.0003183698281645775
2024-11-27,-0.011682576770084996,0.0,0.02196795670499374,1e-06,-0.0009885048459184892,0.001499331371922835,-0.00399519968777895,-0.0008277815068140626
2024-11-29,0.0011112541973170575,0.0,-0.011682576770084996,1e-06,-0.001685941575000436,0.00018085526660992484,-0.0021972081158310175,0.00020270865934435278
2024-12-02,0.017758507861516115,0.0,0.0011112541973170575,1e-06,0.0016241573771218513,-0.00156787957252552,0.0007545974222011864,0.00030535110272467136
2024-12-03,0.0005104327393450347,0.0,0.017758507861516115,1e-06,0.0018910604486710413,-0.002174514205402483,-0.0003026924096047878,-0.0005819026846438646
2024-12-04,0.01442482903605291,0.0,0.0005104327393450347,1e-06,-0.0010127912698083097,8.277948346406777e-05,-0.0016562894452363253,-0.0003141717752441764
2024-12-05,0.011887893093393664,0.0,0.01442482903605291,1e-06,-0.0012662385621264515,-0.0009531265210588694,-0.005047561135143042,-0.0008140805875882506
2024-12-06,0.0021463356507571696,0.0,0.011887893093393664,1e-06,-0.0007298578289379848,-0.000758272089802988,-0.0003643080999609083,-0.0010906661627814174
2024-12-09,0.005523270324049534,0.0,0.0021463356507571696,1e-06,0.00012679127729226447,-0.0018124228042984527,0.001966093899682164,-0.0007447990356013179
2024-12-10,-0.006031084817080479,0.0,0.005523270324049534,1e-06,0.0009110179728691296,-0.002217891938959213,-0.000580347259528935,-0.0006065418710932136
2024-12-11,0.012767188392003526,0.0,-0.006031084817080479,1e-06,0.0007266887197137478,0.0002162260712873002,0.0019655912183225155,0.00015028416237328202
2024-12-12,0.0012693243385719644,0.0,0.012767188392003526,1e-06,0.0006731431595117763,-0.0006717188346724353,0.003516569035127759,-0.0003368832403793931
2024-12-13,-0.0050938027506315375,0.0,0.0012693243385719644,1e-06,-0.0005604805778274654,-0.00036143073202826476,-0.00506960554048419,-0.00012021755537716672
2024-12-16,0.009658584522832525,0.0,-0.0050938027506315375,1e-06,0.00011908423174678462,-0.0012858752277278363,0.002510669408366084,0.00046118663158267736
2024-12-17,0.006355281292021564,0.0,0.009658584522832525,1e-06,0.001321698607429304,-0.0017218615016945968,0.002036702586337924,2.9461989470291883e-05
2024-12-18,-0.037560857546118265,0.0,0.006355281292021564,1e-06,0.00021859110551272103,0.0006469930604014018,0.002602529479190707,-0.00013849032984580845
2024-12-19,-0.0008232630515715433,0.0,-0.037560857546118265,1e-06,0.0004639187518620992,-0.000337965150928639,-0.001303300028666854,0.002499738009646535
2024-12-20,-0.0009838401221645698,0.0,-0.0008232630515715433,1e-06,0.004075976381727045,-0.00015237823657184967,0.0006132654962129891,0.0018979087471961975
2024-12-23,-0.00309206266848161,0.0,-0.0009838401221645698,1e-06,0.0022617279415554485,-0.0015627706438101638,-0.0033661210909485817,0.0016482110368087888
2024-12-24,0.009373848887809233,0.0,-0.00309206266848161,1e-06,-0.000642983344261013,-0.002176406579014834,-0.002604895271360874,0.001591442502103746
2024-12-26,-0.0027769364700223065,0.0,0.009373848887809233,1e-06,-0.0008934664227055476,-0.0011280596587722744,-0.0034811983350664377,0.0007500420906580985
2024-12-27,-0.017301629491105697,0.0,-0.0027769364700223065,1e-06,2.3720258293065508e-05,-0.001085654209802092,-0.0061997314915061,0.0009073893306776881
2024-12-30,-0.013239506990677441,0.0,-0.017301629491105697,1e-06,0.0019965704151654728,-0.0027461597066444623,-0.005435517057776451,0.001992173492908478
2024-12-31,-0.0078383453304397,0.0,-0.013239506990677441,1e-06,0.003410812875335357,-0.0033647946261270113,0.0009518516599200666,0.002443578327074647
